emp_no,title,dept_name,first_name,last_name
10095,Senior Staff,Sales,Hilari,Morton
10122,Technique Leader,Development,Ohad,Esposito
10291,Senior Staff,Sales,Dipayan,Seghrouchni
10476,Senior Staff,Research,Kokou,Iisaka
10663,Technique Leader,Production,Teunis,Noriega
10663,Technique Leader,Development,Teunis,Noriega
10762,Senior Staff,Research,Lech,Himler
10933,Senior Engineer,Production,Juyoung,Seghrouchni
12155,Engineer,Production,Keiichiro,Glinert
12408,Senior Engineer,Development,Rasiah,Sudkamp
12643,Staff,Finance,Morrie,Schurmann
13499,Technique Leader,Production,Kazuhiko,Sidou
14075,Assistant Engineer,Development,Denny,Tchuente
14104,Senior Staff,Human Resources,Sudhanshu,Demian
14127,Engineer,Production,Magdalena,Cannard
14158,Senior Staff,Sales,Caolyn,Setiz
14476,Engineer,Production,Sastry,Marrevee
14907,Senior Staff,Sales,Nakhoon,Luga
15050,Engineer,Production,Nikolaos,Kruskal
15058,Senior Staff,Finance,Bouchung,Bugrara
15413,Engineer,Development,Arvin,Rabejac
16461,Senior Staff,Sales,Remmert,Schahn
16528,Assistant Engineer,Production,Gaurav,Swick
17013,Senior Staff,Finance,Morris,Garigliano
17206,Engineer,Production,Berry,DeMori
17369,Engineer,Production,Yaghout,Kenevan
17369,Engineer,Development,Yaghout,Kenevan
17447,Staff,Sales,Zengping,Boreale
17731,Assistant Engineer,Development,Gennady,Roison
17970,Technique Leader,Production,Filipp,Carrere
17988,Engineer,Production,Mabhin,Calkin
18021,Engineer,Development,Adil,Matzke
18424,Engineer,Development,Filipp,Rousseau
18583,Staff,Customer Service,Stafford,Honglei
18617,Senior Staff,Human Resources,Surveyors,Crouzet
18810,Engineer,Development,Taiji,Jarecki
19236,Engineer,Production,Elzbieta,Morris
19350,Senior Staff,Customer Service,Satoru,Yoshizawa
19803,Engineer,Development,Ziva,Kowalchuk
20100,Senior Staff,Marketing,Utz,Heuter
20128,Senior Staff,Customer Service,Kazunori,Peak
20129,Engineer,Production,Rafael,Skafidas
20248,Staff,Customer Service,Vidar,Demri
20313,Engineer,Production,Candida,Benveniste
20500,Senior Staff,Customer Service,Christoph,Trystram
20885,Engineer,Production,Otmar,Rothenberg
21181,Assistant Engineer,Production,Jianhui,Cangellaris
21188,Engineer,Development,Piyush,Danecki
21546,Senior Staff,Marketing,Yongmin,Lanteri
21546,Senior Staff,Sales,Yongmin,Lanteri
21843,Senior Engineer,Development,Karsten,Azadmanesh
21909,Senior Staff,Sales,Mohammed,Brizzi
22185,Assistant Engineer,Production,Huai,Birch
22185,Assistant Engineer,Development,Huai,Birch
22415,Senior Staff,Sales,Perla,Jumpertz
22451,Senior Staff,Development,Jasminko,Bresenham
22451,Senior Staff,Research,Jasminko,Bresenham
22455,Senior Staff,Marketing,Barry,Unno
22926,Engineer,Production,Manibrata,Genther
23396,Technique Leader,Production,Hilari,Fairtlough
24080,Technique Leader,Development,Jaana,Perez
24205,Senior Engineer,Development,Roddy,Rubsam
24377,Engineer,Quality Management,Lubomir,Wroclawski
24394,Staff,Sales,Zhonghui,Conta
24553,Senior Staff,Sales,Anwar,Passafiume
24571,Engineer,Production,Cordelia,Gischer
25488,Senior Staff,Research,Ingmar,Basawa
26629,Senior Staff,Research,Nevin,Rodham
26671,Engineer,Development,Jiakeng,Kalorkoti
26788,Engineer,Development,Zongyan,Dalphin
27331,Senior Staff,Customer Service,Wanqing,Krohm
27378,Senior Staff,Finance,Piyawadee,Leppanen
27620,Engineer,Production,Shuji,Kandlur
27686,Senior Staff,Sales,Manu,Rosiles
27699,Engineer,Production,Falguni,Pezzoli
27767,Senior Staff,Customer Service,Tooru,Veldwijk
28193,Engineer,Development,Xinglin,Mitsuhashi
28974,Senior Engineer,Development,Chenxi,Sundgren
28988,Technique Leader,Production,Tua,Giveon
29130,Staff,Marketing,Xumin,Thorensen
29265,Senior Staff,Customer Service,Gilbert,Calkin
29380,Assistant Engineer,Production,Satoru,Vidal
29418,Assistant Engineer,Production,Valery,Mersereau
29679,Senior Engineer,Development,Kolar,Steenbeek
29782,Senior Engineer,Production,Jouko,Hellwagner
29782,Senior Engineer,Quality Management,Jouko,Hellwagner
29954,Senior Engineer,Production,Pranay,Giarratana
30007,Engineer,Production,Kousuke,Vecchio
30035,Senior Staff,Research,Tetsushi,Conta
30154,Technique Leader,Development,Mayuko,Skafidas
30182,Engineer,Development,Leon,Potthoff
30465,Engineer,Development,Randi,Avouris
30484,Staff,Sales,Sailaja,Chvatal
30695,Senior Engineer,Development,Gudjon,Majewski
30938,Senior Staff,Marketing,Yakkov,Samarati
30938,Senior Staff,Sales,Yakkov,Samarati
31147,Senior Staff,Finance,Divine,Sidhu
31188,Technique Leader,Production,Leandro,Gist
31207,Senior Engineer,Production,Abdelwaheb,Dulin
31341,Senior Staff,Finance,Oksana,Zultner
31514,Engineer,Development,Harngdar,Schapire
31568,Staff,Marketing,Mark,Lalonde
31909,Engineer,Production,Murthy,Peek
31909,Engineer,Development,Murthy,Peek
32347,Senior Staff,Marketing,Terresa,Peres
32552,Assistant Engineer,Development,Atreye,Stanger
32649,Senior Staff,Research,Ingmar,Nannarelli
32714,Staff,Marketing,Radoslaw,Maliniak
32714,Staff,Sales,Radoslaw,Maliniak
32844,Engineer,Development,Tadahiko,Melton
33025,Senior Staff,Customer Service,Jessie,Thorelli
33215,Technique Leader,Production,Steen,Fasbender
33722,Senior Engineer,Development,Anwar,Collette
33722,Senior Engineer,Research,Anwar,Collette
34077,Senior Staff,Sales,Angel,Sichman
34261,Senior Staff,Human Resources,Kyoichi,Callaway
34446,Senior Engineer,Development,Chinhyun,Bauknecht
34452,Engineer,Production,Naftaly,Foong
34505,Senior Staff,Sales,Felicidad,Kumaresan
34533,Senior Engineer,Production,Erzsebet,Shigei
34533,Senior Engineer,Quality Management,Erzsebet,Shigei
34780,Staff,Marketing,Moni,Kohling
34780,Staff,Sales,Moni,Kohling
34788,Senior Engineer,Production,Ennio,Babu
34936,Technique Leader,Production,Bokyung,Stamatiou
35044,Engineer,Production,Jiang,Waschkowski
35087,Senior Staff,Customer Service,Leif,Ashish
35441,Engineer,Development,Chandrasekaran,Peek
35441,Engineer,Research,Chandrasekaran,Peek
35642,Engineer,Production,Ashish,Talmon
35642,Engineer,Quality Management,Ashish,Talmon
35793,Senior Staff,Customer Service,Oscar,Kusalik
35798,Senior Engineer,Development,Ulf,Oberman
36521,Senior Staff,Finance,Serif,Gladwell
36626,Senior Staff,Sales,Fen,Genin
36733,Staff,Customer Service,Uma,Reinhard
36844,Staff,Customer Service,Hailing,Levergood
36982,Engineer,Quality Management,Kotesh,Rajala
37070,Senior Staff,Customer Service,Jeong,Undy
37945,Senior Engineer,Development,Suzette,Butterworth
38043,Engineer,Development,Michaela,Randi
38103,Engineer,Production,Masasuke,Babu
38168,Senior Staff,Sales,Fumiko,Deverell
38550,Senior Engineer,Quality Management,JoAnne,Baez
38593,Engineer,Production,Huei,Orsini
38947,Senior Staff,Marketing,Shuichi,Ruemmler
38947,Senior Staff,Human Resources,Shuichi,Ruemmler
39000,Senior Staff,Research,Martijn,Vendrig
39036,Staff,Human Resources,Changho,Cappelli
39301,Senior Staff,Research,Rimon,Kawashima
39341,Engineer,Production,Mahmut,Lampe
39952,Staff,Sales,Otmar,Sudbeck
40269,Senior Staff,Sales,Toshiki,Ghazalie
40283,Engineer,Development,Sudhanshu,Boissier
40301,Senior Engineer,Production,Spyrose,Felder
40301,Senior Engineer,Customer Service,Spyrose,Felder
40536,Engineer,Development,Harngdar,Bernardinello
40765,Senior Staff,Research,Michaela,Ramsak
40773,Senior Staff,Customer Service,Shimshon,Aingworth
40983,Technique Leader,Development,Marla,Cherinka
41114,Technique Leader,Production,Petter,Thummel
41137,Senior Staff,Sales,Bikash,Buchter
41137,Senior Staff,Customer Service,Bikash,Buchter
41357,Engineer,Development,Willard,Vernadat
41518,Senior Engineer,Production,Keung,Schapiro
41518,Senior Engineer,Quality Management,Keung,Schapiro
41520,Senior Engineer,Development,Xiong,Uhrik
41609,Senior Staff,Sales,Yucai,Simmen
42778,Senior Staff,Human Resources,Shuji,Remmers
42911,Engineer,Production,Brigham,Eterovic
42950,Senior Staff,Research,Shaleah,Eickenmeyer
42955,Engineer,Quality Management,Yucel,Lortz
43154,Senior Staff,Finance,Maha,Waterhouse
43733,Senior Staff,Human Resources,Huei,Boguraev
43848,Engineer,Production,Phillip,Oxenboll
44054,Engineer,Development,Alenka,Ritcey
44265,Engineer,Development,Maria,Eppinger
44540,Senior Engineer,Development,Mingzeng,Sadowski
44900,Senior Staff,Marketing,Mark,Schwaller
44959,Engineer,Production,Volkmar,Uhrik
44962,Assistant Engineer,Development,Sariel,Wynblatt
45162,Engineer,Development,Dulce,Speel
46000,Senior Staff,Customer Service,Zhaofang,Penn
46328,Senior Staff,Sales,Wuxu,Trogemann
46811,Senior Engineer,Production,Junsik,Berendt
46834,Senior Staff,Sales,Tooru,Daescu
46943,Engineer,Development,Pasqua,Maraist
47016,Senior Staff,Customer Service,Toong,Litecky
47139,Engineer,Development,Marco,Usdin
47262,Engineer,Development,Gonzalo,Binkley
47515,Senior Engineer,Development,Naraig,Jenevein
47702,Senior Staff,Sales,Juyoung,Vieri
47708,Senior Staff,Marketing,Edwin,Haldar
48275,Senior Staff,Sales,Sariel,Massonet
48690,Staff,Human Resources,Hitomi,Schaap
48882,Engineer,Production,Leen,Lamparter
48904,Senior Staff,Finance,Yuichiro,Malabarba
48947,Senior Staff,Sales,Filipp,Akaboshi
49010,Senior Staff,Marketing,Kazuhisa,Benantar
49010,Senior Staff,Sales,Kazuhisa,Benantar
49017,Engineer,Development,Filipp,Flanders
49119,Engineer,Production,Lena,Peek
49177,Engineer,Production,Tze,Bach
49464,Staff,Sales,Siddarth,Cappelletti
49477,Senior Staff,Human Resources,Baocai,Leaver
50293,Engineer,Production,Xinan,Rindone
50311,Senior Engineer,Quality Management,Mooi,Stafford
50453,Staff,Finance,Aron,Harbusch
50670,Senior Staff,Marketing,Boguslaw,Snedden
50831,Senior Engineer,Production,Marie,Khalid
50831,Senior Engineer,Development,Marie,Khalid
51036,Staff,Sales,Chriss,Fasbender
51057,Senior Staff,Marketing,Theirry,Albarhamtoshy
51060,Engineer,Development,Youngkon,Rohrbach
51142,Engineer,Development,Rosine,Lakshmanan
52038,Senior Engineer,Production,Chikako,Armand
52040,Senior Staff,Development,Phule,Heijenga
52040,Senior Staff,Research,Phule,Heijenga
52283,Senior Staff,Research,Trygve,Krupka
52386,Senior Staff,Sales,Adas,Denti
52590,Senior Staff,Development,Jouni,Munoz
52590,Senior Staff,Research,Jouni,Munoz
52599,Engineer,Production,Augustine,Mungall
52599,Engineer,Customer Service,Augustine,Mungall
52639,Senior Staff,Sales,Arup,Colorni
52770,Senior Staff,Sales,Shugo,Yurek
52778,Technique Leader,Quality Management,Alain,Penn
52956,Engineer,Production,Khalil,Picci
52956,Engineer,Quality Management,Khalil,Picci
52970,Engineer,Production,Lobel,Werthner
53278,Senior Staff,Sales,Premsyl,Lortz
53314,Staff,Research,Eberhardt,Carrera
53431,Senior Staff,Marketing,Sham,Vasanthakumar
53431,Senior Staff,Customer Service,Sham,Vasanthakumar
53499,Engineer,Production,Zdislav,Mandelberg
53597,Engineer,Development,Jiafu,Marchegay
53874,Senior Staff,Marketing,Bodo,Schade
53924,Engineer,Production,Arnould,Gaughan
54198,Engineer,Development,Shaowen,Segond
54632,Senior Staff,Finance,Etsuo,Serot
54795,Senior Staff,Production,Sumant,Nergos
54795,Senior Staff,Customer Service,Sumant,Nergos
54800,Staff,Sales,Breannda,Cangellaris
55640,Engineer,Production,Adit,Syrotiuk
55687,Senior Engineer,Development,Shih,Lindqvist
55799,Engineer,Production,Jianwen,Litzler
55857,Senior Staff,Sales,Adin,Scallan
56105,Engineer,Development,Makato,Remmers
56209,Engineer,Production,Remzi,Douceur
56415,Senior Staff,Finance,Sigeru,Nivat
56428,Senior Staff,Sales,Olivera,Hanabata
56682,Assistant Engineer,Development,Roded,Picco
56829,Engineer,Production,Nagui,Gruenwald
56829,Engineer,Quality Management,Nagui,Gruenwald
56847,Senior Engineer,Production,Menkae,Chinin
56847,Senior Engineer,Quality Management,Menkae,Chinin
57934,Engineer,Development,Sanjoy,Boudaillier
58141,Staff,Finance,Bezalel,Karner
58147,Senior Staff,Marketing,Shigenori,Sullins
58384,Engineer,Development,Mariusz,Vural
58454,Engineer,Production,Ziya,Zambonelli
58497,Senior Staff,Marketing,Yechiam,Cairo
58497,Senior Staff,Sales,Yechiam,Cairo
58819,Senior Staff,Sales,Gennady,Liesche
58990,Engineer,Development,Palash,Trelles
59195,Technique Leader,Development,Ronnie,Pollock
59640,Staff,Finance,Zita,Hiltgen
59869,Senior Staff,Marketing,Zsolt,Riefers
59966,Technique Leader,Production,Steen,Salvesen
60000,Assistant Engineer,Development,Heekeun,Emmart
60091,Senior Staff,Customer Service,Surveyors,Bade
60238,Staff,Marketing,Erzsebet,Claffy
60238,Staff,Sales,Erzsebet,Claffy
60559,Engineer,Production,Jeanna,Stemann
60821,Senior Staff,Human Resources,Moty,Mersereau
60845,Engineer,Production,Bedir,Siegrist
60875,Engineer,Quality Management,Rildo,Masaki
60959,Senior Staff,Marketing,Tetsushi,Sridhar
60959,Senior Staff,Sales,Tetsushi,Sridhar
61147,Staff,Marketing,Leszek,Werthner
61253,Engineer,Development,Cheong,Uhrik
61253,Engineer,Research,Cheong,Uhrik
61377,Senior Staff,Production,Dannz,Ohori
61377,Senior Staff,Customer Service,Dannz,Ohori
61541,Engineer,Development,Kasidit,Papsdorf
61873,Assistant Engineer,Quality Management,Woody,Rusmann
62033,Engineer,Production,Heeju,Cappelli
62046,Engineer,Production,Karlis,Nanard
62245,Engineer,Development,Adel,Bressoud
63294,Engineer,Production,Tetsushi,Tanemo
63419,Senior Engineer,Production,Hiroyasu,Seuren
63441,Staff,Human Resources,Hinrich,Scallan
63566,Senior Staff,Sales,Heekeun,Slaats
63631,Senior Engineer,Production,Falguni,Cherinka
63631,Senior Engineer,Customer Service,Falguni,Cherinka
63706,Engineer,Development,Sedat,Itzigehl
64023,Senior Engineer,Development,Laurentiu,Benzmuller
64209,Senior Staff,Customer Service,Golgen,Schoegge
64487,Engineer,Quality Management,Tsutomu,Rebaine
64532,Engineer,Production,Atilio,Segond
64632,Senior Staff,Sales,Zsolt,Brender
64790,Engineer,Development,Shin,Piveteau
64828,Staff,Sales,Krister,Pappas
64984,Engineer,Production,Eldridge,Eldridge
64984,Engineer,Quality Management,Eldridge,Eldridge
65171,Technique Leader,Production,Jeane,Tasistro
65539,Engineer,Development,Aksel,Picaronny
65883,Senior Staff,Sales,Patricia,Pepe
65998,Senior Staff,Sales,Mandell,Alameldin
66382,Engineer,Production,Domenico,Candan
66530,Staff,Research,Dung,Leaver
66643,Engineer,Production,Jianhao,Tomescu
66702,Engineer,Development,Deniz,Thibadeau
66757,Staff,Marketing,Yonghong,Baig
66807,Engineer,Development,Aiman,Rosaz
67320,Senior Staff,Marketing,Sadok,Lorys
67548,Staff,Human Resources,Fumitaka,Roohalamini
67934,Engineer,Production,Aiman,Gargeya
68416,Senior Engineer,Production,Munenori,Debuse
68608,Engineer,Production,Yucai,Seghrouchni
68633,Senior Engineer,Production,Chinhyun,Rassart
68648,Technique Leader,Development,Jaques,DiGiano
69052,Senior Staff,Sales,Shietung,Shrader
69219,Senior Staff,Marketing,Shuky,Redmiles
69219,Senior Staff,Sales,Shuky,Redmiles
69867,Senior Staff,Sales,Miyeon,Rothe
69878,Engineer,Development,Chinya,Cooke
69936,Assistant Engineer,Production,Lalit,Unni
69936,Assistant Engineer,Development,Lalit,Unni
70469,Senior Staff,Marketing,Tru,Miyakawa
70990,Senior Engineer,Production,Arumugam,Nitta
71066,Senior Staff,Sales,Domenick,Basart
71141,Senior Staff,Human Resources,Sajjad,Vitiello
71188,Senior Staff,Sales,Pranjal,Schapiro
71243,Engineer,Production,Kinh,Buchter
71334,Engineer,Development,Cathie,Peck
71334,Engineer,Research,Cathie,Peck
71685,Senior Engineer,Production,Kristinn,Olano
71710,Assistant Engineer,Development,Hitomi,Takanami
71745,Assistant Engineer,Development,Adil,Laventhal
72190,Engineer,Development,Sajjad,Waeselynck
72194,Senior Engineer,Production,Feiyu,Siepmann
72232,Engineer,Quality Management,Naraig,Veldwijk
72640,Engineer,Quality Management,Honglan,Hutton
72918,Senior Staff,Sales,Takahira,Szilard
73076,Senior Engineer,Development,Froduald,Feldhoffer
73233,Senior Engineer,Production,Shigeo,Merey
73516,Engineer,Production,Qingxiang,Badache
73743,Engineer,Production,Anneke,Bernardeschi
73743,Engineer,Customer Service,Anneke,Bernardeschi
74200,Senior Engineer,Production,Holgard,Weiland
74344,Engineer,Development,Hiroyasu,Provine
74668,Senior Staff,Sales,Masako,Bonifati
74800,Assistant Engineer,Production,Yuuichi,Conde
75354,Engineer,Development,Shuky,Jakobus
75703,Engineer,Development,Kyoichi,Erman
76189,Engineer,Production,Kolar,Hinsberger
76201,Senior Engineer,Development,Arif,Preusig
76640,Engineer,Quality Management,Tristan,Mitsuhashi
77030,Technique Leader,Development,Faiza,Garnham
77303,Senior Staff,Customer Service,Xinglin,Birge
77647,Technique Leader,Production,Niranjan,Schaaf
77815,Assistant Engineer,Development,Ronghao,Picaronny
78106,Senior Staff,Marketing,Ashish,Ratnaker
78106,Senior Staff,Sales,Ashish,Ratnaker
78363,Engineer,Quality Management,Susumu,Fritzsche
78469,Staff,Human Resources,Leucio,Cappelli
78871,Senior Engineer,Development,Conor,Ghandeharizadeh
79043,Technique Leader,Production,Katsuo,Hockney
79171,Senior Engineer,Production,Guiseppe,Ellozy
79310,Senior Staff,Marketing,Jeong,Cunliffe
79606,Senior Engineer,Development,Arnd,Peir
79763,Senior Staff,Marketing,Sanjoy,Barreiro
79895,Senior Staff,Sales,Fei,Murtagh
80067,Senior Staff,Customer Service,Kazuhisa,Weiland
80203,Staff,Sales,Shakhar,Baik
80432,Senior Staff,Research,Stella,Figueira
80731,Senior Staff,Sales,Shaowen,Eldridge
80850,Engineer,Production,Koldo,Luit
80889,Senior Engineer,Development,Shigeo,Linnainmaa
80948,Engineer,Development,Harjit,Bardell
81105,Engineer,Development,Jaewon,Boissier
81545,Technique Leader,Development,Larisa,Kornyak
81545,Technique Leader,Quality Management,Larisa,Kornyak
81644,Staff,Sales,Divine,Ghandeharizadeh
81995,Engineer,Development,Sreekrishna,Brender
82069,Engineer,Production,Yechezkel,Perfilyeva
82098,Engineer,Production,Poornachandra,Wilharm
82351,Senior Staff,Human Resources,Stevo,Thambidurai
82511,Engineer,Development,Uwe,Koblick
82919,Engineer,Development,Shigeu,Claffy
82919,Engineer,Quality Management,Shigeu,Claffy
82928,Engineer,Development,Alselm,Rikino
83280,Senior Engineer,Production,Francesca,Ellozy
83289,Engineer,Development,Shigeichiro,Engelmann
83509,Engineer,Development,Breannda,Collavizza
83544,Senior Staff,Sales,Leaf,Baak
83714,Engineer,Production,Ohad,Kilgore
83714,Engineer,Customer Service,Ohad,Kilgore
83805,Senior Engineer,Development,Manohar,Harllee
83941,Senior Staff,Research,Zsolt,Hagimont
84029,Staff,Customer Service,Babette,Eugenio
84179,Senior Engineer,Production,Shuichi,Nanard
84236,Senior Staff,Sales,Eberhardt,Barriga
84315,Assistant Engineer,Development,Kristina,Baumann
84451,Senior Engineer,Development,Shiv,Aumann
84508,Engineer,Development,Tommaso,Vidya
84840,Staff,Research,Sverrir,Neimat
84922,Engineer,Development,Parke,Unno
84942,Technique Leader,Quality Management,Shin,Fujisaki
85216,Senior Staff,Finance,Ferdinand,Rosiles
85288,Engineer,Production,Younwoo,Luders
85288,Engineer,Quality Management,Younwoo,Luders
85414,Staff,Finance,Chiradeep,Callaway
85445,Staff,Sales,Yongdong,Pollock
85702,Engineer,Quality Management,Udi,Merks
85874,Senior Staff,Customer Service,Pasqua,Taubman
86213,Senior Staff,Marketing,Kristine,Clemencon
86213,Senior Staff,Sales,Kristine,Clemencon
86354,Senior Engineer,Development,Ronghao,Segond
86422,Senior Staff,Marketing,Jaewon,Thummel
86546,Engineer,Production,Oldrich,Woycyznski
86655,Engineer,Production,Zhenhua,Lorys
86672,Staff,Research,JoAnne,Anido
87129,Staff,Sales,Keung,Neiman
87353,Senior Engineer,Development,Quingbo,Coombs
87714,Assistant Engineer,Production,Khun,Janetzko
87729,Senior Staff,Research,Yongmin,Roccetti
87783,Senior Engineer,Development,Conor,Thorensen
88103,Senior Staff,Sales,Goo,Bresenham
88411,Engineer,Development,Lena,Cannane
88422,Technique Leader,Production,Jungsoon,Birsak
88647,Engineer,Development,Vasiliy,Ratnaker
88958,Senior Staff,Finance,Vojin,Coombs
88965,Engineer,Development,Mang,Hedayat
89048,Engineer,Development,Otmar,Birjandi
89090,Senior Staff,Human Resources,Tetsushi,Theuretzbacher
89161,Senior Staff,Finance,Conal,Yetto
89207,Senior Staff,Human Resources,Along,Erol
89346,Engineer,Development,Mansur,Comyn
89590,Senior Staff,Research,Guther,Rothenberg
89664,Staff,Marketing,Pranjal,Rossi
89680,Engineer,Production,Aiman,Mawatari
89806,Engineer,Production,Xiadong,Shinomoto
89922,Engineer,Production,Alexius,Ibel
89941,Senior Staff,Marketing,Arnould,Weedman
90077,Assistant Engineer,Development,Vivian,Guerreiro
90084,Engineer,Production,Renny,Bale
90211,Engineer,Production,Bader,Denis
90292,Engineer,Production,Koichi,Assaf
90518,Senior Staff,Customer Service,Fumiko,Chepyzhov
90614,Assistant Engineer,Production,Yonghoan,Trogemann
90692,Senior Staff,Marketing,Rajmohan,DasSarma
91172,Senior Staff,Customer Service,Kazuhisa,Melter
91182,Engineer,Development,Lucien,Schwartzburd
91229,Engineer,Production,Yahiko,Hebden
91256,Staff,Marketing,Gunilla,Milicic
91333,Staff,Sales,Lobel,Stafford
91415,Senior Staff,Sales,Jamaludin,Nilsson
91648,Senior Staff,Marketing,Dmitry,Msuda
92438,Engineer,Production,Aria,Kilgore
92438,Engineer,Customer Service,Aria,Kilgore
92454,Engineer,Quality Management,Visit,McFarlan
92577,Assistant Engineer,Production,Zhanqiu,Farrow
92598,Assistant Engineer,Production,Ranga,Merro
92685,Senior Staff,Sales,Mang,Atchley
92841,Senior Staff,Sales,Claude,Candan
92846,Senior Staff,Marketing,Anyuan,Kropatsch
92920,Engineer,Development,Huei,Hutter
93040,Senior Engineer,Development,Jaques,Kabayashi
93220,Senior Engineer,Quality Management,Richara,Walston
93278,Engineer,Production,Magdalena,Penn
93549,Senior Staff,Finance,Arie,Coullard
93549,Senior Staff,Sales,Arie,Coullard
93600,Technique Leader,Production,Kristina,Neimat
94331,Technique Leader,Production,Ramzi,Cronau
94416,Senior Staff,Finance,Aran,Cesareni
94416,Senior Staff,Sales,Aran,Cesareni
94761,Engineer,Development,Hitofumi,Zaccaria
94944,Engineer,Development,Heping,Matheson
95181,Staff,Research,Yishai,Cappelli
95286,Engineer,Development,Kristin,Guerreiro
95314,Senior Staff,Sales,Rasiah,Koblick
95406,Engineer,Development,Alair,Lyonns
95416,Engineer,Development,Gianluca,Ramaiah
95509,Engineer,Production,Kristinn,Loncour
95920,Senior Staff,Finance,Nobuyoshi,Hegner
96571,Senior Engineer,Production,Kokou,Garrabrants
96579,Engineer,Production,Mohan,Tasistro
96767,Engineer,Production,Arumugam,Vecchio
97018,Engineer,Production,Jeanna,Chinen
97623,Senior Staff,Human Resources,Haldon,Janetzko
97661,Senior Staff,Research,Avishai,Hegner
98288,Senior Staff,Research,Sumali,Huttel
98306,Senior Engineer,Production,Ziya,Kadhim
98306,Senior Engineer,Development,Ziya,Kadhim
98639,Staff,Research,Florina,Assaf
99057,Staff,Customer Service,Shugo,Reeken
99373,Senior Staff,Customer Service,Xiaobin,Christianini
99377,Senior Engineer,Development,Carrsten,Francisci
99590,Staff,Sales,Dhritiman,Anily
99654,Senior Staff,Research,Mahendra,Motley
100865,Engineer,Production,Hisao,Peral
100916,Engineer,Development,Heejo,Aamodt
101487,Senior Staff,Sales,Abdelaziz,Sury
101647,Senior Staff,Sales,Mori,Homond
101902,Senior Staff,Sales,Mantis,Millington
102620,Engineer,Production,Adin,Templeman
102620,Engineer,Quality Management,Adin,Templeman
103196,Senior Staff,Human Resources,Djenana,Albarhamtoshy
103310,Senior Staff,Marketing,Visit,Swen
103316,Engineer,Development,Susanne,Peternell
103342,Engineer,Quality Management,Beshir,Hellwagner
103756,Assistant Engineer,Development,Heping,Halloran
104133,Senior Staff,Sales,Pranjal,Zyda
104845,Senior Staff,Finance,Werner,Lodder
104988,Engineer,Development,Parviz,Litzler
105342,Technique Leader,Quality Management,Kwun,Reeker
105356,Engineer,Development,Diederik,Matzov
105356,Engineer,Research,Diederik,Matzov
105432,Engineer,Development,Mohamadou,Stafford
105520,Senior Staff,Sales,Haldun,Lienhardt
105731,Assistant Engineer,Development,Sachem,Cromarty
106096,Engineer,Production,Naftali,Schurmann
106242,Senior Staff,Human Resources,Nevio,Thisen
106695,Senior Staff,Development,Lijie,Garrabrants
106695,Senior Staff,Research,Lijie,Garrabrants
106710,Senior Staff,Marketing,Babette,Anandan
107486,Senior Engineer,Development,Siamak,Luiz
107737,Senior Engineer,Development,Fabrizio,Chleq
107792,Senior Staff,Marketing,Shahab,Crooks
107828,Senior Staff,Sales,Ramya,Walston
108091,Senior Staff,Customer Service,Hisao,Ghemri
108198,Senior Staff,Research,Randi,Samarati
108316,Senior Engineer,Production,Shai,Stellhorn
108988,Senior Staff,Sales,Oksana,Baek
109062,Senior Engineer,Development,Jamaludin,Kandlur
109211,Engineer,Development,Gor,Delgrande
109211,Engineer,Research,Gor,Delgrande
109252,Technique Leader,Production,Moty,Winter
109278,Senior Staff,Finance,Bangqing,Schach
109552,Assistant Engineer,Development,Menkae,Etalle
109598,Senior Staff,Finance,Stamatina,Auyong
109620,Senior Staff,Sales,Mani,Cannata
109703,Engineer,Production,Arco,Walston
109741,Senior Engineer,Production,Hatem,Fadgyas
109953,Senior Staff,Sales,Godehard,Chorvat
200267,Senior Staff,Customer Service,Chuanti,Luff
200312,Senior Engineer,Production,Akemi,Fujisaki
200312,Senior Engineer,Quality Management,Akemi,Fujisaki
200363,Engineer,Development,Kirk,Quaggetto
200735,Senior Staff,Marketing,Dinah,Denos
200789,Senior Staff,Marketing,Susumu,Camurati
201229,Staff,Human Resources,Alejandra,Khasidashvili
201708,Senior Staff,Human Resources,Anneli,Perl
201709,Senior Staff,Finance,Fan,Kakkad
201739,Assistant Engineer,Development,Genta,Terekhov
201801,Engineer,Development,Waiman,Genin
201915,Engineer,Production,Sudharsan,DeMori
202291,Engineer,Production,Ortrun,Schmiedel
202403,Engineer,Production,Gully,Perko
202414,Senior Staff,Customer Service,Zvonko,Murthy
202552,Engineer,Production,Morris,Saoudi
202826,Engineer,Development,Kerhong,Matzke
202882,Senior Engineer,Development,Isaac,Koshino
202950,Senior Staff,Human Resources,Giordano,Pietrzykowski
203474,Senior Staff,Sales,Hugh,Jonsson
203495,Technique Leader,Development,Zongyan,Gips
203599,Technique Leader,Development,Ewing,DiGiano
203720,Senior Staff,Sales,Sasan,Thimonier
203946,Senior Staff,Human Resources,Yefim,Marwedel
204117,Staff,Sales,Jessie,Nooteboom
204117,Staff,Customer Service,Jessie,Nooteboom
204133,Senior Staff,Finance,Susuma,Bergere
204246,Senior Staff,Research,Arve,Worfolk
204425,Senior Engineer,Development,Gretta,Huttel
204470,Senior Staff,Sales,Hein,Lichtner
204470,Senior Staff,Customer Service,Hein,Lichtner
204471,Engineer,Development,Franziska,Maginnis
204764,Engineer,Development,Susanne,Mandelberg
205018,Engineer,Quality Management,Yahiko,Awdeh
205085,Technique Leader,Development,Moni,Kornyak
205174,Staff,Marketing,Leszek,Spinelli
205500,Senior Engineer,Development,Mary,Setiz
205627,Engineer,Production,Stabislas,Broder
205660,Staff,Marketing,Kien,Barreiro
205660,Staff,Human Resources,Kien,Barreiro
205699,Senior Staff,Sales,Youjian,Yetto
205789,Senior Staff,Finance,Limsoon,Skafidas
205863,Engineer,Quality Management,Aiichiro,Kusalik
206748,Staff,Sales,Yucai,Fabrizio
206836,Senior Staff,Research,Guadalupe,Pfau
206966,Engineer,Development,Tzu,Sichman
207021,Engineer,Production,Jacqueline,Akaboshi
207068,Senior Staff,Marketing,Zhiguo,Ariola
207204,Assistant Engineer,Development,Kellie,Schrooten
207401,Senior Staff,Research,Shuji,Barbanera
207551,Assistant Engineer,Development,Baziley,Falck
207779,Senior Staff,Research,Chinya,Kamble
207980,Senior Staff,Human Resources,Remko,Vieth
208147,Engineer,Development,Manu,Rothenberg
208330,Senior Staff,Sales,Shen,Flanders
208639,Senior Staff,Sales,Larisa,Lukaszewicz
208639,Senior Staff,Customer Service,Larisa,Lukaszewicz
208653,Engineer,Development,Phillip,Schade
208784,Senior Engineer,Production,Pranjal,Juneja
209101,Senior Engineer,Quality Management,Xinyu,Edelhoff
209443,Senior Staff,Human Resources,Krassimir,Garnier
209565,Senior Staff,Marketing,Dante,Covnot
209712,Assistant Engineer,Development,Nimmagadda,Baak
210017,Senior Staff,Human Resources,Shalesh,Lovengreen
210292,Staff,Human Resources,Lihong,Zeilberger
210449,Engineer,Production,Gino,Lagarias
210752,Senior Staff,Marketing,Saniya,Stenning
210786,Staff,Human Resources,Werner,Ranze
211858,Engineer,Production,Domenico,Ratnaker
211879,Engineer,Development,Gao,Ranze
211967,Engineer,Development,Anwar,Bain
212093,Senior Staff,Human Resources,Leni,Henders
212154,Senior Staff,Customer Service,Sailaja,Holburn
212361,Engineer,Quality Management,Claudi,Stanfel
213016,Engineer,Development,Yongmao,Fontan
213140,Staff,Sales,Tru,Danecki
213384,Engineer,Development,Pranas,Narwekar
213447,Engineer,Production,Armond,Perly
214215,Senior Staff,Sales,Xiaoqiang,Cardazo
214391,Senior Staff,Customer Service,Rayond,Klassen
214427,Engineer,Production,Peer,Molberg
214539,Engineer,Development,Ingmar,Kohling
214634,Engineer,Development,Shirish,Vickson
214789,Engineer,Production,Arfst,Chepyzhov
214866,Engineer,Development,Gopalakrishnan,Angel
214995,Engineer,Production,Dinkar,Hoppenstand
215419,Staff,Human Resources,Flemming,Kroha
215629,Senior Staff,Customer Service,Munehiro,Manders
215746,Staff,Finance,Sven,Speer
215843,Senior Staff,Marketing,Pramod,Loncour
216054,Senior Staff,Research,Sahrah,Angiulli
216342,Engineer,Development,Aiichiro,Cromarty
216375,Senior Engineer,Development,Byong,Gustavson
216502,Engineer,Development,Xiaocheng,Suermann
216573,Engineer,Production,Ashish,Vidya
216921,Senior Staff,Sales,Lena,Lenart
217026,Senior Staff,Sales,Otmar,Engberts
217080,Senior Engineer,Development,Masami,Puoti
217272,Senior Staff,Sales,Yuchang,Eldridge
217286,Technique Leader,Development,Yannik,Spelt
217320,Engineer,Quality Management,Abdelwaheb,Denis
217363,Staff,Customer Service,Horward,Marzano
217387,Engineer,Development,Jianhao,Molenaar
217551,Engineer,Production,Panayotis,Lukaszewicz
217800,Senior Staff,Finance,Shay,Servieres
218022,Technique Leader,Development,Mokhtar,Poupard
218100,Senior Staff,Human Resources,Jiong,Garnham
218831,Engineer,Production,Unal,DuBourdieux
219035,Technique Leader,Quality Management,Kristine,Bierman
219047,Engineer,Development,Aemilian,Kusalik
219052,Staff,Marketing,Marsal,Acton
219417,Staff,Research,Subhrajyoti,Denna
219497,Technique Leader,Development,Moie,Zastre
219967,Senior Staff,Human Resources,Susanna,Reeken
220029,Senior Engineer,Development,Demos,Asser
220131,Engineer,Development,Reinhard,Slaats
220418,Staff,Sales,Poorav,Laventhal
220528,Senior Staff,Research,Sibyl,Rabehasaina
220582,Senior Staff,Marketing,Poornachandra,Zielinski
220611,Senior Staff,Sales,Yuping,Babb
220625,Technique Leader,Production,Shigenori,Deville
220699,Staff,Customer Service,Nahid,Gyimothy
220799,Senior Engineer,Development,Perla,Orlowska
220799,Senior Engineer,Research,Perla,Orlowska
221126,Engineer,Development,Tesuya,dAstous
221367,Senior Staff,Customer Service,Saddek,Farris
221369,Engineer,Quality Management,Abdulah,Pocchiola
221435,Engineer,Production,Djenana,Marrevee
221973,Senior Staff,Marketing,Sangeeta,Kalefeld
222206,Senior Staff,Human Resources,Stein,Uludag
222311,Senior Engineer,Development,Miyeon,Billingsley
222319,Senior Engineer,Development,Matt,Chvatal
222354,Assistant Engineer,Development,Valdiodio,Schlumberger
222616,Assistant Engineer,Quality Management,Badri,Schapire
222770,Senior Engineer,Development,Kazuhiko,Kushner
222878,Engineer,Production,Annemarie,Zallocco
222878,Engineer,Development,Annemarie,Zallocco
222926,Senior Engineer,Development,Limsoon,Erol
222952,Engineer,Production,Gopalakrishnan,Suermann
222998,Senior Staff,Marketing,Leaf,Awdeh
222998,Senior Staff,Human Resources,Leaf,Awdeh
223593,Staff,Marketing,Hidefumi,Moehrke
223595,Technique Leader,Production,Chiranjit,Dredge
224135,Engineer,Development,Annemarie,Bressoud
224335,Engineer,Development,Perry,Chachaty
224390,Senior Staff,Research,True,Shobatake
224934,Senior Staff,Human Resources,George,Miake
225438,Senior Staff,Sales,Remmert,Quaggetto
225601,Assistant Engineer,Development,Masasuke,Genin
225788,Engineer,Development,Ipke,Kieras
225867,Senior Engineer,Quality Management,Ramalingam,Remmele
225964,Engineer,Production,Mooi,Cooman
226216,Technique Leader,Quality Management,Giordano,Gini
226227,Engineer,Production,Herbert,Erva
227354,Engineer,Development,Gio,Murtha
227476,Engineer,Development,Macha,Schnabel
227681,Staff,Finance,Mikhail,Rousseau
227899,Staff,Marketing,Garnik,Luce
227901,Senior Staff,Research,Francesca,Azuma
228098,Engineer,Production,IEEE,Kroll
228098,Engineer,Customer Service,IEEE,Kroll
228248,Senior Staff,Research,Yuriy,Plump
228554,Senior Staff,Sales,Bilhanan,Brendel
228766,Engineer,Production,Nahla,Smailagic
228766,Engineer,Development,Nahla,Smailagic
229098,Senior Staff,Customer Service,Berry,Yurek
229220,Engineer,Production,Fabrizio,Lichtman
229248,Staff,Research,Harjit,Terekhov
229386,Technique Leader,Production,Pohua,Tasistro
229386,Technique Leader,Customer Service,Pohua,Tasistro
229391,Engineer,Production,Paloma,Henseler
229404,Staff,Human Resources,Gilbert,Kilgour
229547,Senior Staff,Sales,Moni,Schach
229727,Engineer,Development,Ewing,Millington
229981,Engineer,Production,Jamaludin,Fordan
230002,Engineer,Development,Tadahiro,Backhouse
230126,Senior Staff,Customer Service,Bezalel,Radivojevic
230287,Assistant Engineer,Production,Renny,Alameldin
230354,Senior Staff,Human Resources,Yinghua,Lorho
230498,Engineer,Production,Kolar,Puppo
230579,Senior Staff,Finance,Shahar,Negoita
230689,Senior Staff,Sales,Dietrich,Crabtree
230865,Staff,Marketing,Takushi,Brattka
230865,Staff,Sales,Takushi,Brattka
231069,Staff,Sales,Trygve,Siksek
231459,Assistant Engineer,Production,Nectarios,Pramanik
231671,Staff,Customer Service,Chandrasekaran,Pearson
231798,Engineer,Development,Goetz,Alvarado
232178,Senior Staff,Human Resources,Etsuo,Anandan
232209,Engineer,Quality Management,Nitsan,Rouquie
232697,Engineer,Production,Barry,Ramsak
232723,Assistant Engineer,Quality Management,Tesuya,Bugrara
233114,Senior Engineer,Development,Alselm,Gargeya
233394,Engineer,Development,Khalid,Lenart
233397,Senior Staff,Sales,Fay,Sundgren
233426,Engineer,Development,Etsuo,Usery
233690,Engineer,Development,Cedric,Riefers
233759,Engineer,Production,Zissis,Lodder
233759,Engineer,Customer Service,Zissis,Lodder
233765,Engineer,Development,Kotesh,Chachaty
233785,Senior Staff,Sales,Baziley,Ballarin
233818,Engineer,Development,Kellie,Heydon
234195,Senior Staff,Sales,Luerbio,Terkki
234739,Senior Engineer,Production,Foong,Aamodt
235017,Senior Staff,Sales,Irena,Dratva
235096,Senior Staff,Sales,Sverrir,Gyimothy
235096,Senior Staff,Customer Service,Sverrir,Gyimothy
235325,Engineer,Development,Gro,Prochazka
235368,Senior Engineer,Production,Anneli,Joslin
235458,Senior Staff,Research,Gio,Heuser
235729,Senior Staff,Marketing,Henk,Anger
235780,Senior Engineer,Production,Sampalli,Bergere
235793,Senior Engineer,Production,Jayesh,Spinelli
235793,Senior Engineer,Quality Management,Jayesh,Spinelli
236315,Technique Leader,Development,IEEE,Raczkowsky
236566,Senior Staff,Customer Service,Yechezkel,Maginnis
236591,Senior Staff,Marketing,Insup,Reinhard
236827,Engineer,Development,Almudena,Rijckaert
236883,Staff,Sales,Huan,Olivero
236964,Staff,Sales,Adel,Foote
236964,Staff,Customer Service,Adel,Foote
238112,Technique Leader,Production,Miomir,Frezza
238252,Staff,Sales,Uno,Suppi
238422,Senior Staff,Sales,Vishv,Angelov
238949,Senior Staff,Sales,Minghong,Cronin
239067,Staff,Sales,Tadahiko,Pocchiola
239244,Senior Staff,Sales,Abdulla,Kitai
239415,Engineer,Production,Susumu,Brender
239426,Engineer,Development,Vesna,Fairtlough
239426,Engineer,Research,Vesna,Fairtlough
239664,Engineer,Production,Sugwoo,Michaels
239706,Assistant Engineer,Production,Arunas,Bugrara
239748,Senior Staff,Sales,Bilhanan,Dusink
239803,Senior Staff,Research,Oscal,Ernst
240132,Senior Staff,Customer Service,Mizuhito,Kobara
240236,Engineer,Production,True,Tischendorf
240285,Staff,Customer Service,Kolar,Greenaway
240340,Engineer,Production,Mack,Staylopatis
240438,Senior Staff,Customer Service,Temple,Cyre
240870,Senior Staff,Production,Francesca,Chorvat
240870,Senior Staff,Research,Francesca,Chorvat
241100,Engineer,Development,Cedric,Molenaar
241254,Senior Engineer,Development,Jagoda,Anguita
241292,Senior Staff,Marketing,Uri,Lampe
241292,Senior Staff,Customer Service,Uri,Lampe
241567,Engineer,Development,Emran,Miara
241667,Engineer,Production,Atilio,Olivero
241728,Senior Engineer,Production,Limsoon,Boudaillier
241728,Senior Engineer,Customer Service,Limsoon,Boudaillier
241872,Senior Staff,Development,Bluma,Fetvedt
241872,Senior Staff,Customer Service,Bluma,Fetvedt
242019,Senior Engineer,Production,Herb,Murrill
242019,Senior Engineer,Development,Herb,Murrill
242081,Assistant Engineer,Production,Tomokazu,Pargas
242104,Senior Staff,Marketing,Richara,Sudkamp
242500,Senior Staff,Sales,Bingning,Iisaku
242800,Engineer,Development,Kazuyasu,Levergood
243018,Senior Staff,Marketing,Bowen,Deverell
243077,Senior Engineer,Production,Kazunori,Perz
243576,Senior Staff,Sales,Abdulah,Lodder
243637,Senior Staff,Marketing,Marjo,Delgrange
243898,Staff,Marketing,Arch,Basawa
244308,Senior Staff,Marketing,Mokhtar,Rebaine
244605,Senior Staff,Finance,Masoud,Suwa
244605,Senior Staff,Human Resources,Masoud,Suwa
244624,Senior Staff,Research,Boaz,Seuren
244711,Assistant Engineer,Production,Rosli,Butner
244714,Senior Engineer,Production,Poorav,Clouatre
244820,Engineer,Development,Shigenori,Hertweck
244873,Senior Staff,Sales,Arunachalam,Oppitz
245164,Engineer,Production,Filipp,Winter
245396,Senior Staff,Human Resources,Gift,Bottner
245664,Staff,Sales,Manohar,Kilgore
246146,Engineer,Quality Management,Zhongwei,Melski
246244,Staff,Human Resources,George,Casperson
246364,Engineer,Development,Alper,Tiemann
246764,Staff,Sales,Shuzo,Czaja
246798,Senior Staff,Marketing,Tianruo,Strooper
246798,Senior Staff,Sales,Tianruo,Strooper
246902,Staff,Human Resources,Shih,Shanbhogue
247089,Senior Staff,Sales,Seongbae,Schahn
247122,Senior Staff,Human Resources,Xiaobin,Narlikar
247447,Engineer,Production,Tzu,Bakhtari
247456,Engineer,Production,Masako,Bahk
247612,Engineer,Development,Chiranjit,Constantine
247875,Senior Staff,Marketing,Xiong,Anick
247888,Engineer,Quality Management,Abdelghani,Lagarias
248256,Staff,Sales,Sajjan,Falby
248351,Senior Staff,Marketing,Jaana,Milicia
248758,Senior Staff,Sales,Snehasis,Muhlberg
248758,Senior Staff,Customer Service,Snehasis,Muhlberg
248953,Assistant Engineer,Production,Percy,Sudbeck
249239,Senior Engineer,Development,Hideyuki,Decleir
249325,Staff,Sales,Ute,Pokrovskii
249433,Engineer,Production,Ayonca,Matzov
249504,Engineer,Development,Dmitry,Velardi
249504,Engineer,Research,Dmitry,Velardi
249780,Assistant Engineer,Production,Nechama,Gaughan
249780,Assistant Engineer,Customer Service,Nechama,Gaughan
249799,Engineer,Development,Jolita,Neimat
249866,Senior Staff,Sales,Steen,Gubsky
249969,Engineer,Production,Georgi,Luiz
250411,Senior Staff,Sales,Ranga,Sommen
250452,Senior Engineer,Development,Alexius,Plavsic
250748,Engineer,Development,Kish,Turnbull
251166,Senior Staff,Finance,Hinrich,Hooghiemstra
251233,Engineer,Production,Yucel,Bernini
251301,Senior Staff,Sales,Pintsang,Impagliazzo
251341,Senior Staff,Human Resources,Divier,Kumaresan
251403,Technique Leader,Development,Utpal,DuBourdieux
251437,Assistant Engineer,Development,Shichao,Iwayama
251645,Senior Staff,Sales,Bezalel,Tsunoo
251680,Senior Engineer,Development,Moty,Sommen
251814,Technique Leader,Production,Mitsuyuki,Zockler
252185,Assistant Engineer,Quality Management,Chaosheng,Conta
252316,Engineer,Development,Gill,Niizuma
252392,Engineer,Production,Sanjeeva,Peron
253029,Engineer,Quality Management,Thodoros,Thimonier
253707,Staff,Sales,Insup,Hainaut
253838,Assistant Engineer,Production,Stafford,Terlouw
253893,Senior Engineer,Production,Huiqun,Trystram
254044,Engineer,Quality Management,Gunilla,Brendel
254399,Technique Leader,Production,Armond,Lores
254821,Staff,Sales,Tonny,Couchot
255466,Senior Engineer,Production,Huan,Roccetti
255657,Engineer,Development,Oldrich,Cyre
255779,Technique Leader,Production,Heejo,Merle
256216,Engineer,Production,Halsur,Brodal
256856,Senior Staff,Human Resources,Hongzue,Barbanera
256881,Engineer,Development,Ioana,Jakobus
256888,Staff,Marketing,Heather,Pehl
257062,Engineer,Development,Stabislas,Pardalos
257378,Senior Staff,Marketing,Pascal,Bernatsky
257469,Senior Staff,Finance,Anyuan,Hanratty
257484,Senior Staff,Human Resources,Shaowei,Nicolson
258028,Engineer,Development,Mountaz,Reinhart
258028,Engineer,Research,Mountaz,Reinhart
258124,Senior Staff,Sales,Mariusz,Zolotykh
258470,Staff,Sales,Weiwu,Butner
258643,Engineer,Development,Przemyslawa,Esposito
259042,Staff,Sales,Xiaoqiang,Farrow
259237,Senior Staff,Customer Service,Palash,Gammage
259273,Senior Engineer,Production,Xiahua,Gomatam
259611,Senior Staff,Sales,Shuichi,Marrakchi
259619,Senior Staff,Finance,Conal,Magliocco
259718,Senior Staff,Development,Stepehn,Bouloucos
259718,Senior Staff,Research,Stepehn,Bouloucos
260153,Technique Leader,Development,Mingdong,Baar
260249,Staff,Customer Service,Vugranam,Beausoleil
260361,Engineer,Production,Reinhold,Rahier
260361,Engineer,Development,Reinhold,Rahier
260399,Senior Staff,Finance,Hatem,Birsak
260408,Senior Staff,Customer Service,Sasan,Brookner
260501,Technique Leader,Development,Dzung,Pargas
261184,Senior Engineer,Production,Masako,Kornatzky
261631,Engineer,Development,Jianhua,Huttel
261662,Senior Staff,Finance,Berni,Assaf
261737,Engineer,Production,Mark,Lindqvist
261986,Senior Engineer,Development,Gila,Ramsak
261990,Senior Staff,Sales,Volkmar,Czaja
262208,Senior Staff,Finance,Mrinalini,Holburn
262208,Senior Staff,Sales,Mrinalini,Holburn
262210,Assistant Engineer,Development,Chinho,Bottner
262328,Staff,Sales,Mayuko,Vural
262439,Senior Staff,Marketing,Lorien,Lagarias
262636,Senior Engineer,Production,Tamiya,Reutenauer
262636,Senior Engineer,Development,Tamiya,Reutenauer
262752,Engineer,Development,Pramod,Bierman
262928,Engineer,Production,Piyush,Gill
262928,Engineer,Quality Management,Piyush,Gill
263012,Staff,Human Resources,Hideo,Buchter
263186,Technique Leader,Development,Danny,Lowrie
263370,Staff,Sales,Shakhar,Ranze
263439,Senior Engineer,Development,Atreye,Kabayashi
263645,Senior Engineer,Development,Mingsen,Lally
263649,Senior Staff,Sales,Mechthild,Zongker
263926,Senior Staff,Sales,Fusako,Schwartzbauer
264030,Assistant Engineer,Production,Zdislav,Solares
264167,Senior Engineer,Development,Baoqiu,Tomescu
264322,Senior Staff,Sales,Leandro,Swist
264626,Senior Staff,Marketing,Noritoshi,Bakhtari
264939,Engineer,Production,Bogdan,Bahi
264939,Engineer,Development,Bogdan,Bahi
265039,Senior Staff,Finance,Navid,Staudhammer
265521,Engineer,Production,Kensei,Salverda
265558,Senior Staff,Sales,Susuma,Kleiser
265794,Senior Staff,Sales,Miquel,Halloran
265875,Engineer,Production,Fan,Marsiglia
266206,Senior Staff,Marketing,Zsolt,Anily
266249,Senior Staff,Sales,Sumant,Nishimukai
266310,Senior Staff,Research,Zvonko,Serdy
266644,Senior Staff,Finance,Anwar,Gubsky
266862,Senior Staff,Research,Mart,Plumb
266881,Senior Staff,Marketing,Mokhtar,Sabnani
266881,Senior Staff,Human Resources,Mokhtar,Sabnani
267059,Senior Staff,Customer Service,Moie,Tempesti
267227,Engineer,Production,Susuma,Tagansky
267304,Senior Staff,Sales,Jordanka,Axelband
267667,Senior Staff,Sales,Irena,Kaiserswerth
268043,Engineer,Development,Narain,Mikschl
268191,Engineer,Production,LiMin,Teitelbaum
269728,Senior Staff,Marketing,Naftali,Kragelund
270084,Senior Staff,Marketing,Ulises,Frolund
270716,Staff,Sales,Shunichi,Baer
270794,Senior Staff,Marketing,Dannz,Zhang
271106,Engineer,Production,Taisook,Kampfer
271219,Engineer,Production,Odoardo,Tyugu
272141,Senior Staff,Development,Tsutomu,Neiman
272141,Senior Staff,Customer Service,Tsutomu,Neiman
272285,Senior Staff,Customer Service,Gully,Mitchem
272316,Engineer,Production,Surveyors,Muhling
272452,Engineer,Development,Mitsuyuki,Isard
272452,Engineer,Research,Mitsuyuki,Isard
272599,Senior Staff,Marketing,Holgard,Hegner
272860,Assistant Engineer,Production,Minghong,Candan
273159,Technique Leader,Development,Divine,Hofmeyr
273286,Engineer,Development,Brigham,Asmuth
273396,Engineer,Development,Wayne,Baba
273806,Senior Staff,Marketing,Hongzhu,Beetstra
273806,Senior Staff,Customer Service,Hongzhu,Beetstra
273858,Senior Staff,Sales,Gunilla,Matzen
274071,Staff,Human Resources,Mingsen,Weiland
274271,Senior Staff,Sales,Prodip,Ritcey
274369,Senior Staff,Research,Ranga,Waymire
274813,Senior Staff,Sales,Yefim,Pettey
275158,Engineer,Development,Satyanarayana,Brandsma
275263,Engineer,Development,Vojin,Laventhal
275444,Engineer,Development,Limsoon,Leppanen
275495,Staff,Sales,Shen,Yamaashi
275801,Senior Staff,Sales,Ayakannu,Heinisuo
275881,Senior Engineer,Production,Jiann,Munro
275994,Engineer,Production,Uma,Prampolini
276027,Senior Staff,Research,Holgard,Stavenow
276184,Senior Staff,Sales,Mari,Swick
276186,Senior Staff,Human Resources,Sajjad,Vecchi
276189,Senior Staff,Human Resources,Isaac,Klerer
276445,Engineer,Production,Atilio,Randi
276472,Engineer,Development,Hideyuki,Flanders
276563,Senior Staff,Customer Service,Gift,Solares
276868,Staff,Marketing,Alois,Sanella
277316,Senior Staff,Sales,Vitali,Rothenberg
277362,Senior Staff,Customer Service,Uzi,Kugler
277420,Engineer,Production,Rayond,Schach
277777,Senior Engineer,Development,Herbert,Itzigehl
277829,Senior Engineer,Development,Michaela,Fandrianto
278239,Staff,Research,Boaz,Bottner
278386,Technique Leader,Quality Management,Caolyn,Poujol
278452,Senior Staff,Human Resources,Sudhanshu,Toyoshima
278536,Senior Staff,Marketing,Munenori,Shobatake
278549,Senior Staff,Sales,Jaana,Werthner
278953,Senior Engineer,Development,Jeanna,Ghandeharizadeh
279115,Engineer,Development,Maren,DuCasse
279280,Engineer,Production,Niranjan,Debuse
279791,Assistant Engineer,Development,Chiranjit,Lyonns
280070,Senior Staff,Human Resources,Niteen,Ebeling
280291,Staff,Customer Service,Lenore,Badache
280420,Senior Staff,Sales,Jahangir,Hofting
280525,Staff,Sales,Kish,Herbst
280648,Engineer,Production,Heeju,Lorys
281570,Assistant Engineer,Development,Zijian,Covnot
281692,Senior Engineer,Quality Management,Khosrow,Sommen
281848,Engineer,Development,Parke,Staylopatis
281859,Engineer,Production,Masanao,Papastamatiou
282191,Engineer,Development,Alper,Shinomoto
282333,Senior Staff,Research,Nahla,Serdy
282343,Senior Staff,Sales,Xinglin,Haldar
282547,Engineer,Development,Nahum,Codenie
282585,Staff,Customer Service,Zijian,Lammel
282894,Engineer,Development,Fay,Bellmore
284300,Senior Staff,Marketing,Ishfaq,Mahmud
284431,Senior Staff,Sales,Pintsang,Fujisawa
284561,Senior Engineer,Quality Management,Duri,Beznosov
284687,Engineer,Development,Oksana,Redmiles
284691,Engineer,Development,Theron,Ressouche
284711,Senior Engineer,Development,Martijn,Azevdeo
284717,Engineer,Development,Gal,Ranta
284856,Engineer,Quality Management,Moto,Kobara
284954,Engineer,Quality Management,Anneke,Hammerschmidt
285164,Staff,Sales,Xiaocheng,Kumaresan
285396,Engineer,Development,Lena,Kohling
285905,Senior Staff,Research,Kellyn,Bage
285906,Engineer,Development,Arnould,Buescher
286026,Senior Staff,Sales,Utpal,Zaumen
286029,Staff,Customer Service,Jaques,Nanard
286370,Senior Staff,Human Resources,Toshimitsu,Seuren
286452,Engineer,Development,Behnaam,Bierbaum
286573,Engineer,Production,Nahum,Nishimukai
286573,Engineer,Development,Nahum,Nishimukai
286779,Engineer,Production,Sigeru,Versino
286986,Senior Engineer,Development,Woody,Trelles
287323,Staff,Sales,Steve,Dengi
287327,Senior Staff,Human Resources,Youjian,Felder
287334,Engineer,Production,Elliott,Speer
287482,Engineer,Quality Management,Shigeaki,Gihr
287583,Engineer,Production,Jovan,Hockney
287609,Assistant Engineer,Development,Sailaja,Negoita
287713,Senior Staff,Finance,Aamod,Ranka
287808,Technique Leader,Development,Vidar,Ozeki
287983,Senior Staff,Marketing,Randi,Munos
287984,Engineer,Development,Troy,Kobuchi
288028,Engineer,Development,Kauko,Narwekar
288142,Senior Staff,Sales,Shay,Heystek
288166,Staff,Human Resources,Masoud,Asmuth
288560,Senior Staff,Marketing,Yifei,Birjandi
288563,Engineer,Production,Cristinel,Gerlach
288606,Senior Staff,Sales,Susumu,Swiss
288665,Senior Engineer,Development,Horward,Khasidashvili
288893,Engineer,Development,Bedrich,Rosenbaum
289454,Senior Engineer,Development,Bowen,Narwekar
289687,Senior Staff,Research,Fai,Maccarone
289807,Senior Staff,Customer Service,Soenke,Lemarechal
289909,Senior Staff,Sales,Hilari,Vecchio
290009,Senior Staff,Human Resources,Zijian,Rindone
290075,Senior Staff,Human Resources,Boalin,Byoun
290284,Engineer,Development,Kwangjo,Menhardt
290441,Senior Staff,Sales,Gregory,Collavizza
290467,Senior Staff,Research,Shaowen,Poulakidas
290478,Assistant Engineer,Quality Management,Tsvetan,Sherertz
290563,Senior Engineer,Production,Shigehiro,Oxenboll
290769,Senior Engineer,Development,Lalit,Blokdijk
291352,Technique Leader,Development,Danai,Trelles
291352,Technique Leader,Research,Danai,Trelles
291612,Engineer,Development,Siamak,Gomatam
291669,Engineer,Development,Faiza,Bach
292110,Engineer,Development,Menkae,Showalter
292146,Engineer,Development,Khatoun,Pulkowski
292146,Engineer,Quality Management,Khatoun,Pulkowski
292210,Engineer,Development,Masaru,Huhdanpaa
292404,Senior Staff,Research,Hongzue,Zultner
292504,Engineer,Quality Management,Georgi,Bednarek
292515,Assistant Engineer,Development,Bernd,Thummel
292828,Engineer,Production,Ziya,Tokunaga
293080,Senior Staff,Human Resources,Hideyuki,Slaats
293154,Senior Staff,Marketing,Syozo,Maliniak
293154,Senior Staff,Sales,Syozo,Maliniak
293280,Engineer,Development,Moti,Steenbeek
293329,Engineer,Development,Fumiya,Griswold
293746,Engineer,Development,Sanjay,Litecky
293752,Senior Staff,Sales,Jungsoon,Bail
294144,Senior Staff,Sales,Takanari,Ermel
294241,Senior Staff,Finance,Marl,Fiebach
294446,Staff,Finance,Claudi,Ruemmler
294461,Senior Engineer,Development,Siddarth,Rosiles
294527,Senior Staff,Marketing,Ashish,Candan
294652,Engineer,Development,Hironobu,Brodie
294652,Engineer,Research,Hironobu,Brodie
294791,Assistant Engineer,Development,Vesna,Lammel
294857,Engineer,Development,Caolyn,Ozeri
295030,Senior Staff,Customer Service,Fun,Keirsey
295236,Engineer,Development,Kauko,Fujisawa
295254,Senior Staff,Human Resources,Xuejun,Pfau
295255,Technique Leader,Production,Jacopo,Bellone
295262,Assistant Engineer,Production,Moon,Pews
295268,Senior Staff,Human Resources,Eben,Calkin
295278,Assistant Engineer,Development,Val,Barvinok
295411,Staff,Sales,Chiranjit,Serot
295857,Senior Staff,Human Resources,Kankanahalli,Ciolek
296062,Staff,Research,Shaz,Driscoll
296303,Technique Leader,Development,Mariangiola,Heyers
296428,Senior Staff,Sales,Charmane,Simmen
296664,Senior Engineer,Production,Dipayan,Geffroy
296687,Senior Staff,Research,Palash,Spieker
296718,Senior Engineer,Production,Kamakshi,Bahl
297232,Senior Staff,Sales,Lokesh,Saoudi
297431,Senior Staff,Marketing,Cathie,Ratnakar
297474,Staff,Research,Irena,Terkki
297905,Assistant Engineer,Development,Marc,Bahl
297954,Assistant Engineer,Production,Sailaja,Fujisaki
298339,Engineer,Development,King,Benzmuller
298577,Senior Staff,Finance,Florina,Litecky
298953,Staff,Finance,Zita,Syang
299346,Senior Staff,Human Resources,Fumitake,Sichman
299580,Engineer,Quality Management,Luisa,Itzfeldt
299718,Senior Staff,Research,Denny,Shobatake
299737,Senior Staff,Sales,Patricio,Itzfeldt
400046,Senior Staff,Development,Hilari,Christ
400046,Senior Staff,Research,Hilari,Christ
400358,Engineer,Development,Angus,Jullig
400683,Staff,Sales,Kamakshi,Manders
400780,Engineer,Development,Poornachandra,Asser
400796,Engineer,Development,Bodo,Halevi
401154,Senior Staff,Human Resources,Danae,Kragelund
401278,Assistant Engineer,Production,Oguz,Schurmann
401333,Engineer,Production,Martins,Shokrollahi
401420,Senior Staff,Customer Service,Florian,Uhrig
401574,Technique Leader,Production,Yannik,Falco
402025,Engineer,Quality Management,Shigehito,Duclos
402102,Engineer,Development,Kersti,Granlund
402664,Senior Engineer,Production,Subhada,Janetzko
402718,Engineer,Development,Jeanna,Rettelbach
402827,Senior Staff,Finance,Weidon,Pollacia
402827,Senior Staff,Human Resources,Weidon,Pollacia
403010,Senior Engineer,Development,Toshimitsu,Sluis
403621,Senior Staff,Marketing,Deborah,Kaminger
403644,Senior Staff,Human Resources,Krisda,Hainaut
403954,Engineer,Development,Jeanna,Bratten
404018,Senior Engineer,Development,Valery,Babb
404236,Engineer,Development,Zengping,Kakkar
404462,Engineer,Development,Anestis,Setlzner
404573,Staff,Human Resources,Eberhardt,Spelt
404755,Senior Staff,Marketing,Manu,Junet
404788,Engineer,Development,Basem,Beausoleil
405015,Senior Staff,Sales,Morris,Fargier
405063,Senior Engineer,Production,Yechezkel,Yurov
405063,Senior Engineer,Quality Management,Yechezkel,Yurov
406125,Technique Leader,Production,Georgi,Portugali
406239,Engineer,Development,Marek,Tomescu
406564,Engineer,Development,Parviz,Picco
406714,Senior Staff,Research,Malu,Ossenbruggen
406847,Staff,Sales,Alexius,Crouzet
407522,Staff,Finance,Tommaso,Raczkowsky
407837,Engineer,Production,Fei,Erez
407837,Engineer,Quality Management,Fei,Erez
408019,Assistant Engineer,Production,Shridhar,Chleq
408114,Engineer,Development,Geoffrey,Ladret
408163,Senior Engineer,Development,Irene,Sethi
408163,Senior Engineer,Quality Management,Irene,Sethi
408417,Staff,Finance,Tsz,Daescu
408417,Staff,Sales,Tsz,Daescu
408437,Senior Staff,Customer Service,Uno,Solares
408447,Senior Staff,Marketing,Mayuri,Werthner
408447,Senior Staff,Sales,Mayuri,Werthner
408654,Senior Staff,Customer Service,Yongqiao,Cochrane
408953,Senior Engineer,Development,Jolita,Claffy
409391,Engineer,Production,Willard,Verspoor
409798,Technique Leader,Production,Dekang,Tsunoo
409805,Senior Engineer,Quality Management,Frazer,Candan
409898,Engineer,Development,Divier,Ishibashi
410028,Senior Staff,Human Resources,Xiadong,McClurg
410372,Engineer,Development,Duri,Mitina
410433,Senior Engineer,Production,Kazuhisa,Riesenhuber
410616,Engineer,Development,Gudjon,Kalorkoti
410804,Engineer,Production,Ronnie,Denos
410881,Senior Engineer,Production,Koichi,Grabner
410881,Senior Engineer,Quality Management,Koichi,Grabner
411070,Engineer,Development,Otmar,Brandsma
411082,Engineer,Production,Martine,Cangellaris
411143,Senior Staff,Marketing,Goncalo,Barbanera
412404,Senior Engineer,Production,Mitsuyuki,Jeansoulin
412757,Engineer,Development,Leen,Peak
413098,Senior Staff,Research,Hsiangchu,Taubenfeld
413205,Senior Staff,Sales,Mototsugu,Prampolini
413666,Senior Staff,Finance,Remco,Duclos
413729,Technique Leader,Development,Harjit,Ernst
413831,Senior Staff,Customer Service,Mohamadou,Grabner
413832,Senior Staff,Human Resources,Marco,Jahnichen
414027,Engineer,Production,Tadanori,Msuda
414027,Engineer,Customer Service,Tadanori,Msuda
414091,Engineer,Development,Wuxu,Kuhnemann
414543,Senior Engineer,Production,Bernd,Anick
414551,Engineer,Development,Elliott,Copas
414662,Engineer,Development,Ipke,Schneeberger
414714,Senior Staff,Research,Chinho,Delgrande
414814,Staff,Development,Dayanand,Wielonsky
414814,Staff,Customer Service,Dayanand,Wielonsky
414897,Senior Staff,Sales,Juyoung,Willoner
415187,Assistant Engineer,Production,Juyoung,Peltason
415338,Assistant Engineer,Production,Shigeo,Emmart
415363,Senior Staff,Marketing,Conal,Shackell
415363,Senior Staff,Sales,Conal,Shackell
415563,Engineer,Development,Mrinalini,Bierbaum
416074,Engineer,Development,Alain,Lieberherr
416383,Engineer,Development,Nectarios,Itschner
416420,Senior Staff,Sales,Adamantios,Heemskerk
416492,Senior Engineer,Development,Kannan,Meriste
416660,Assistant Engineer,Development,Nathalie,Luke
416720,Engineer,Production,Tokuyasu,Xiaoshan
416877,Senior Staff,Marketing,Gio,Orsini
416892,Engineer,Production,Shooichi,Vandervoorde
417435,Senior Staff,Sales,Bouchung,Zaumen
418239,Senior Engineer,Production,Josyula,Motley
418239,Senior Engineer,Development,Josyula,Motley
418247,Senior Staff,Marketing,Oscar,Oppitz
418247,Senior Staff,Sales,Oscar,Oppitz
418298,Engineer,Production,Arvin,Pusterhofer
418309,Engineer,Production,Danel,Petereit
418380,Senior Engineer,Production,Kazuhiko,Gornas
418566,Senior Engineer,Production,Kazuhide,Snedden
418606,Engineer,Production,Michaela,Otillio
418717,Senior Staff,Sales,Arunachalam,Magliocco
418860,Senior Staff,Marketing,Ymte,Dalton
419099,Staff,Sales,Heon,Broomell
419953,Senior Staff,Marketing,Ung,Orlowski
420086,Engineer,Development,Susuma,Kitsuregawa
420476,Senior Staff,Customer Service,Mariangiola,Bolsens
420557,Senior Staff,Sales,Mabhin,Eastman
420694,Senior Staff,Research,Frazer,Barbanera
420732,Senior Staff,Marketing,Willard,Morrin
420759,Staff,Sales,Raimond,Solovay
420765,Senior Staff,Sales,Shawna,Krider
420877,Senior Staff,Finance,Khosrow,Erez
421022,Senior Staff,Sales,Shigeaki,Butner
421033,Senior Staff,Sales,Garnik,Randt
421074,Senior Staff,Sales,Zhaofang,Falster
421312,Engineer,Development,Mariangiola,Bashian
421384,Senior Staff,Human Resources,Renny,Bednarek
421755,Assistant Engineer,Production,Shichao,Thiria
422146,Engineer,Development,Kenton,Miara
422146,Engineer,Research,Kenton,Miara
422783,Engineer,Production,Jagoda,Uhrig
423038,Senior Staff,Sales,Takushi,Strehl
423204,Senior Staff,Sales,Uma,Stranks
423208,Engineer,Development,Joydip,Krone
423214,Senior Staff,Finance,Tsutomu,Tetzlaff
423327,Senior Staff,Sales,Constantijn,Lichtman
423350,Senior Staff,Sales,Heping,Monarch
423633,Senior Engineer,Development,Mariusz,Tokunaga
423993,Technique Leader,Development,Seshu,Kolvik
424569,Engineer,Development,Danco,Luff
424584,Engineer,Development,Kagan,Dredge
424685,Senior Staff,Finance,Changho,Veevers
424797,Senior Staff,Sales,Theron,Itschner
424805,Senior Staff,Sales,Jacqueline,Zallocco
424930,Senior Staff,Human Resources,Xuejun,Reeker
424984,Engineer,Development,Vasilis,Waleschkowski
425437,Engineer,Development,Moni,Staudhammer
425535,Senior Staff,Marketing,Alagu,Vieri
425540,Senior Staff,Finance,Paddy,Zumaque
425757,Senior Staff,Production,Yongdong,Jiang
425757,Senior Staff,Customer Service,Yongdong,Jiang
425780,Senior Staff,Sales,Paris,Range
425830,Engineer,Development,Guther,Conia
425875,Senior Staff,Sales,Jahangir,Kroft
426153,Senior Staff,Sales,Shahaf,Luce
426168,Senior Staff,Finance,Kaijung,Mateescu
426228,Engineer,Development,Supot,Badache
426235,Senior Staff,Human Resources,Danco,Rajala
426644,Engineer,Production,Zejun,Broomell
426706,Engineer,Production,Karsten,Kawashima
426795,Senior Staff,Customer Service,Huican,Lunn
426818,Senior Staff,Customer Service,Gaurav,Fendler
426819,Engineer,Production,Sandeepan,Kulisch
426824,Senior Staff,Sales,Gopalakrishnan,Mawatari
426824,Senior Staff,Customer Service,Gopalakrishnan,Mawatari
426958,Engineer,Production,Weijing,Viele
427313,Senior Staff,Research,Utpal,Kemmerer
427320,Senior Engineer,Development,Mamdouh,Ramamoorthy
427332,Staff,Customer Service,Feiyu,Hemaspaandra
427571,Engineer,Development,Torsten,Ranta
427571,Engineer,Research,Torsten,Ranta
427776,Senior Staff,Finance,Jaques,Navazio
427805,Senior Staff,Finance,Haldun,Compeau
427823,Staff,Customer Service,Jaques,Gecsei
427852,Senior Engineer,Production,Adil,Kieras
428082,Senior Staff,Human Resources,Ronghao,Alpin
428160,Senior Staff,Marketing,Jamaludin,Kalorkoti
428160,Senior Staff,Human Resources,Jamaludin,Kalorkoti
428195,Senior Staff,Finance,Hatsukazu,Rosca
428195,Senior Staff,Human Resources,Hatsukazu,Rosca
428219,Senior Staff,Sales,Ghassan,Androutsos
428917,Assistant Engineer,Development,Theron,Billawala
429087,Technique Leader,Quality Management,Hugh,Senzako
429231,Senior Staff,Sales,Kazuyasu,Schmiedel
429238,Senior Staff,Sales,Mona,Luck
429249,Engineer,Development,Alassane,Wolniewicz
429249,Engineer,Research,Alassane,Wolniewicz
429316,Senior Staff,Finance,Seshu,Hiraishi
429381,Senior Staff,Sales,Limsoon,Roohalamini
429481,Engineer,Development,Subhada,Emmerich
429520,Engineer,Quality Management,Yongqiao,Francisci
429532,Senior Staff,Sales,Bartek,Vendrig
429532,Senior Staff,Customer Service,Bartek,Vendrig
429569,Assistant Engineer,Development,Fumiya,Chappelet
429703,Senior Staff,Human Resources,Ung,Honglei
429899,Staff,Marketing,Ranan,Marsiglia
429954,Staff,Sales,Renny,Gladwell
430054,Engineer,Development,Erzsebet,Setiz
430558,Engineer,Quality Management,Xiong,Roisin
430593,Senior Staff,Customer Service,Janalee,Lanzelotte
430631,Engineer,Development,Kersti,Marsiglia
430891,Senior Engineer,Production,Khalil,Gien
431576,Senior Staff,Finance,Masamitsu,Back
431576,Senior Staff,Human Resources,Masamitsu,Back
431657,Engineer,Development,Visit,Thiran
431882,Engineer,Development,Hideo,Varman
431887,Senior Engineer,Development,Poorav,Ranst
432031,Senior Staff,Sales,Adamantios,Matzat
432034,Senior Staff,Marketing,Arfst,Uehara
432034,Senior Staff,Human Resources,Arfst,Uehara
432121,Senior Staff,Customer Service,Alair,Straney
432257,Engineer,Production,Kwangjo,Hiltgen
432261,Engineer,Development,Arve,Bergere
432399,Engineer,Production,Nitsan,Nollmann
432399,Engineer,Customer Service,Nitsan,Nollmann
432523,Engineer,Development,Takahiro,Maquelin
432665,Engineer,Development,Flemming,Driscoll
432665,Engineer,Quality Management,Flemming,Driscoll
432787,Senior Engineer,Development,Toshiko,Ibel
432956,Senior Staff,Marketing,Qunsheng,Birrer
433059,Staff,Sales,Bojan,Montresor
433157,Staff,Sales,Tomofumi,Serna
433260,Assistant Engineer,Quality Management,Make,Olivero
433438,Senior Staff,Research,Keiichiro,Miyakawa
434845,Senior Staff,Sales,Takushi,Skogmar
434936,Engineer,Development,Sahrah,Rosis
435042,Staff,Sales,Brigham,Borstler
435060,Staff,Sales,Moie,Lieblein
435181,Senior Staff,Marketing,Kazuhide,Fiutem
435289,Senior Staff,Marketing,Feixiong,Schurmann
435305,Senior Staff,Sales,Berthier,Pramanik
435370,Senior Staff,Sales,Conal,Basart
435588,Senior Staff,Human Resources,Genta,Pepe
435602,Senior Staff,Sales,Dietrich,Kranzdorf
435774,Senior Staff,Sales,Olivera,Bharadwaj
435791,Engineer,Quality Management,Hercules,Speer
436558,Senior Engineer,Development,Subir,Greibach
436797,Senior Staff,Finance,Ohad,Henders
436827,Senior Staff,Human Resources,Wojceich,Limongiello
436915,Staff,Research,Feixiong,Haraldson
437276,Senior Staff,Finance,Dines,DeMori
437369,Senior Staff,Sales,Kazuhide,Biran
437395,Senior Staff,Marketing,Sumant,Thambidurai
437395,Senior Staff,Sales,Sumant,Thambidurai
437724,Staff,Human Resources,Erez,Luft
437870,Staff,Development,Kerhong,Lorho
437870,Staff,Customer Service,Kerhong,Lorho
438038,Senior Staff,Marketing,Lena,Giaccio
438038,Senior Staff,Sales,Lena,Giaccio
438264,Senior Staff,Customer Service,Rasikan,Barreiro
438557,Engineer,Development,Lidong,Swist
439377,Senior Engineer,Development,Mari,Plessier
439905,Senior Staff,Customer Service,Kousuke,Levasseur
439924,Senior Staff,Finance,Gunilla,Kisuki
440325,Senior Staff,Sales,Douadi,Sullins
440435,Senior Engineer,Development,Sandeepan,Rosti
440450,Senior Staff,Human Resources,Tzvetan,Scharstein
440642,Senior Staff,Sales,Snehasis,Kalsbeek
440870,Senior Staff,Marketing,Filipp,Hasham
440870,Senior Staff,Customer Service,Filipp,Hasham
440937,Senior Staff,Research,Fabrizio,Usery
441197,Senior Staff,Sales,Miquel,Legleitner
441536,Senior Engineer,Production,Chinho,Collette
441536,Senior Engineer,Quality Management,Chinho,Collette
441954,Engineer,Production,Leszek,Marchegay
441965,Senior Staff,Research,Claudi,Heijenga
442002,Senior Staff,Sales,Ravishankar,Baig
442096,Senior Engineer,Production,Martijn,DiGiano
442312,Engineer,Production,Zengping,Cusworth
442490,Engineer,Production,Navid,Luke
442653,Engineer,Development,Mona,Hebden
442700,Staff,Research,Siddarth,Masada
442898,Engineer,Production,Aksel,Gire
443108,Senior Staff,Finance,Christfried,Atrawala
443108,Senior Staff,Human Resources,Christfried,Atrawala
443485,Senior Staff,Research,Marke,Klerer
443841,Senior Staff,Sales,Shaw,Kading
443873,Senior Staff,Marketing,Vatsa,Ramsay
443873,Senior Staff,Sales,Vatsa,Ramsay
444070,Senior Staff,Customer Service,Heping,Skrikant
444099,Senior Staff,Sales,Kousuke,Worfolk
444208,Senior Staff,Sales,Irena,Cesareni
444465,Senior Engineer,Production,Prasadram,Bultermann
444465,Senior Engineer,Development,Prasadram,Bultermann
444487,Senior Engineer,Development,Udi,Rullman
444643,Staff,Research,Berna,Schonegge
445067,Engineer,Quality Management,Eldridge,Kawashima
445152,Senior Staff,Research,Heping,Peac
445226,Engineer,Production,Oscar,Baumann
445570,Technique Leader,Development,Van,Nations
445723,Senior Staff,Production,Gaurav,Roison
445723,Senior Staff,Research,Gaurav,Roison
445941,Technique Leader,Production,Masako,Dechter
445950,Engineer,Quality Management,Ebru,Valtorta
446121,Staff,Sales,Fay,Cochrane
446306,Senior Engineer,Production,Hercules,Kabayashi
446424,Engineer,Development,DAIDA,Nooteboom
446897,Technique Leader,Production,Takahiro,Dalton
446959,Senior Engineer,Development,Aram,Passino
447018,Engineer,Production,Dannz,Miara
447135,Senior Staff,Human Resources,Gennady,Rouquie
447232,Senior Staff,Sales,Aleksander,Schaaf
447232,Senior Staff,Customer Service,Aleksander,Schaaf
447376,Staff,Research,Kirk,Zongker
447544,Senior Staff,Sales,Stabislas,Kakkad
447613,Engineer,Development,Paris,Restivo
447877,Engineer,Quality Management,Make,Heuser
447931,Senior Staff,Sales,Martijn,Jeong
447966,Engineer,Production,Kamakshi,Hebert
447982,Engineer,Production,Shiv,Baezner
447999,Engineer,Development,Shiv,Vilarrasa
448769,Technique Leader,Production,Mong,Dichev
448900,Staff,Sales,Mart,Talmor
448918,Engineer,Production,Chiradeep,Arlazarov
448994,Staff,Finance,Haldun,Syang
449189,Senior Staff,Sales,Jahangir,Bernatsky
449815,Senior Staff,Research,Fumitaka,Quittner
449984,Engineer,Development,Hinrich,Perin
450184,Senior Engineer,Development,Selwyn,Henseler
450255,Technique Leader,Development,Udo,Waymire
450309,Technique Leader,Quality Management,Gill,Orlowska
450475,Senior Staff,Finance,Saeed,Bahl
450817,Engineer,Quality Management,DAIDA,Frolund
450888,Senior Staff,Sales,Sedat,Rande
450934,Engineer,Production,Chanjung,Raoux
450936,Senior Staff,Finance,Yuriy,Ponthieu
451253,Senior Staff,Sales,Jaihie,Ozeri
451272,Engineer,Development,Jacopo,Krohm
451275,Senior Staff,Research,Bedrich,Isard
451333,Senior Staff,Human Resources,Radhika,Bonifati
452137,Engineer,Production,Subir,Miake
452137,Engineer,Customer Service,Subir,Miake
452206,Staff,Sales,Arra,Esposito
452325,Engineer,Development,Taiji,Berstel
452347,Senior Staff,Sales,Shigeichiro,Brattka
452365,Assistant Engineer,Development,Fei,Gadepally
452956,Senior Engineer,Production,Gou,Thombley
452956,Senior Engineer,Customer Service,Gou,Thombley
452957,Staff,Sales,Alair,Nanard
452982,Senior Staff,Marketing,Lobel,Aloia
453070,Senior Staff,Human Resources,Aran,Rosenbaum
453154,Staff,Customer Service,Gao,Lally
453644,Senior Staff,Marketing,Berni,Takkinen
453688,Engineer,Quality Management,Chinya,Leslie
453723,Engineer,Production,Arne,Kohling
453760,Senior Staff,Customer Service,Ewing,Rajala
453790,Engineer,Development,Fai,Keirsey
453913,Senior Staff,Marketing,Stein,Perng
454338,Engineer,Quality Management,Mohammed,Georg
454378,Technique Leader,Production,Gina,Ossenbruggen
454736,Engineer,Development,Nechama,Ermel
454791,Senior Engineer,Production,Xiaoqiu,Pietracaprina
454825,Engineer,Production,Kamakshi,Schusler
454994,Engineer,Production,Mohan,Picht
455175,Senior Staff,Marketing,Soenke,Zaumen
455284,Engineer,Quality Management,Luisa,Baig
455726,Senior Staff,Sales,Qiwen,Kriebel
455814,Engineer,Production,Giao,DuCasse
455914,Engineer,Development,Peer,Angelopoulos
456767,Senior Staff,Sales,Tetsurou,Schreiter
456982,Engineer,Development,Shounak,Dratva
457070,Senior Staff,Human Resources,Gay,Plavsic
457146,Staff,Research,Jinpo,Heyers
457305,Staff,Sales,Sorina,Lakshmanan
457337,Technique Leader,Quality Management,Xumin,Beidas
457411,Senior Engineer,Development,Xudong,Peck
457489,Engineer,Production,Berna,Ranst
457611,Engineer,Development,Indrajit,Krogh
457776,Engineer,Production,Florian,Siepmann
457813,Engineer,Production,Foong,Gargeya
457832,Senior Engineer,Development,Jackson,Zielinski
457938,Senior Staff,Marketing,Arch,Picco
457938,Senior Staff,Customer Service,Arch,Picco
458111,Engineer,Production,Florian,Tramer
458134,Senior Staff,Human Resources,Thanasis,Standera
458191,Staff,Research,George,Atchley
458383,Engineer,Development,Mabhin,Foote
458726,Senior Staff,Customer Service,Shahaf,Kitai
458790,Engineer,Production,Ramya,Azadmanesh
459172,Assistant Engineer,Development,Val,Rissanen
459356,Engineer,Development,Pramod,Wendorf
459429,Senior Staff,Sales,Mohit,Verhaegen
459685,Engineer,Quality Management,Hirochika,Goldhammer
460131,Staff,Sales,Adly,Hambrick
460691,Senior Staff,Human Resources,Munehiko,Gihr
460707,Engineer,Development,Yoshinari,Lanteri
460920,Senior Staff,Sales,Remzi,Mitzlaff
461120,Engineer,Development,Shietung,Gelosh
461120,Engineer,Research,Shietung,Gelosh
461270,Staff,Sales,Mrinalini,Mawatari
461801,Senior Staff,Sales,Sumali,Cooman
461801,Senior Staff,Customer Service,Sumali,Cooman
462493,Engineer,Quality Management,Paloma,Gerlach
462795,Senior Staff,Research,Somnath,Cummings
463023,Staff,Marketing,Itzchak,Penn
463099,Senior Staff,Finance,Jinxi,Schmiedel
463212,Senior Engineer,Production,Ramya,Rossi
463212,Senior Engineer,Quality Management,Ramya,Rossi
463472,Technique Leader,Production,Jaber,Sethi
463472,Technique Leader,Customer Service,Jaber,Sethi
463495,Senior Staff,Human Resources,Alenka,Barriga
464284,Senior Staff,Sales,Huiqun,Henders
464303,Senior Staff,Customer Service,Abdelghani,Nyrup
465062,Engineer,Production,Stafford,Gist
465076,Engineer,Production,Tokuyasu,Ghelli
465085,Senior Staff,Customer Service,Vidar,Gunderson
465409,Senior Staff,Marketing,Shahid,Varman
465501,Senior Staff,Human Resources,Mrinalini,Gire
465711,Engineer,Development,Lakshmi,Frijda
465853,Staff,Human Resources,Kwan,Kampfer
465874,Assistant Engineer,Production,Herb,Picht
466064,Senior Staff,Sales,Temple,Danlos
466367,Senior Staff,Customer Service,Hiroyasu,Strandh
466509,Engineer,Development,Bezalel,Verhoeff
466603,Senior Staff,Marketing,Yechezkel,Nourani
466745,Senior Staff,Human Resources,Boalin,Birsak
467176,Senior Staff,Human Resources,Przemyslawa,Borovoy
467269,Technique Leader,Development,Nahum,Lambe
467392,Engineer,Production,Mariusz,Rikino
467441,Engineer,Production,Margareta,Bondorf
467591,Staff,Marketing,Kiyotoshi,Hennebert
467591,Staff,Human Resources,Kiyotoshi,Hennebert
467886,Senior Staff,Marketing,Sivanarayana,Chandrasekhar
467918,Staff,Customer Service,Tsuneo,Skrikant
468360,Technique Leader,Development,Huei,Saoudi
468417,Engineer,Production,Kamakshi,Huhdanpaa
468659,Engineer,Development,Ranga,Lemarechal
468773,Engineer,Quality Management,Baziley,Brookner
469104,Engineer,Production,Nadjib,Comellas
469104,Engineer,Quality Management,Nadjib,Comellas
469253,Engineer,Development,Baruch,Basawa
469269,Engineer,Production,Weiyi,Codenie
469366,Engineer,Quality Management,Aiman,Wilfing
469399,Engineer,Production,Hongzhu,Ruemmler
469399,Engineer,Development,Hongzhu,Ruemmler
469527,Staff,Research,Halsur,Ibel
469529,Engineer,Quality Management,Neven,Rikino
469735,Senior Engineer,Development,Arif,Stranks
469867,Senior Staff,Research,Hein,Jonsson
470456,Senior Staff,Sales,Reuven,Oehlmann
470472,Engineer,Development,Zhiguo,Staudhammer
471397,Engineer,Development,Nigel,Zirintsis
471397,Engineer,Research,Nigel,Zirintsis
471532,Technique Leader,Development,Feiyu,Decleir
471552,Staff,Finance,Basem,Lortz
471911,Assistant Engineer,Quality Management,Arun,Zaccaria
471939,Staff,Production,Kazuhiko,Marshall
471939,Staff,Research,Kazuhiko,Marshall
472052,Assistant Engineer,Development,Godehard,Chinal
472143,Senior Staff,Sales,Yahiko,Sommen
472238,Senior Engineer,Production,Jungsoon,Gubsky
472790,Senior Engineer,Development,Zhenbing,Ibel
472950,Senior Engineer,Production,Weidon,Fordan
473268,Senior Staff,Sales,Hugo,Sgarro
473299,Senior Staff,Sales,Khaled,Penn
473490,Senior Staff,Research,Pantung,Reeker
473940,Engineer,Production,Avishai,Majewski
474331,Senior Staff,Finance,Sugwoo,Eugenio
474331,Senior Staff,Human Resources,Sugwoo,Eugenio
474763,Engineer,Development,Mayuko,Clouatre
474796,Technique Leader,Production,Zongyan,Shackel
474796,Technique Leader,Customer Service,Zongyan,Shackel
475087,Senior Engineer,Production,Genevieve,Snedden
475258,Senior Staff,Production,Fumiyo,Feinberg
475258,Senior Staff,Customer Service,Fumiyo,Feinberg
475538,Staff,Human Resources,Christophe,Leaver
475938,Engineer,Development,Shigeaki,Lanteri
475965,Engineer,Development,Rimon,Pietracaprina
476055,Senior Staff,Research,Girolamo,Schlumberger
476122,Engineer,Production,Khun,Spieker
476327,Engineer,Production,Reinhold,Binkley
476361,Technique Leader,Development,Doohun,Preusig
476361,Technique Leader,Research,Doohun,Preusig
477350,Staff,Sales,Terresa,Vigier
477578,Engineer,Development,Marit,Paludetto
477969,Engineer,Development,Bluma,Mundy
478007,Engineer,Production,Fumino,Narahara
478170,Assistant Engineer,Development,Doowon,Schoegge
478170,Assistant Engineer,Quality Management,Doowon,Schoegge
478218,Engineer,Development,Djenana,Erol
478218,Engineer,Research,Djenana,Erol
478439,Technique Leader,Development,Yuichiro,Bale
478768,Engineer,Production,Arun,Katzenelson
478799,Senior Staff,Marketing,Shaw,Borovoy
478833,Engineer,Production,Pradeep,Valiente
478858,Staff,Customer Service,Hidekazu,Perna
479024,Engineer,Production,Ewing,Kalorkoti
479407,Assistant Engineer,Production,Randi,Tomescu
479601,Staff,Research,Kayoko,Bahi
479695,Senior Staff,Marketing,Masamitsu,Murrill
479695,Senior Staff,Human Resources,Masamitsu,Murrill
480035,Senior Staff,Development,Sukumar,Georg
480035,Senior Staff,Research,Sukumar,Georg
480066,Engineer,Quality Management,Suebskul,Menhardt
480178,Senior Staff,Research,Uinam,Rahier
480268,Technique Leader,Development,Gaurav,Cheshire
480407,Engineer,Development,Deniz,Bennis
481050,Senior Staff,Human Resources,Weiru,Burnard
481213,Senior Staff,Sales,Shigehiro,Haldar
481397,Assistant Engineer,Production,Luisa,Chelton
481764,Senior Engineer,Production,Teiji,Marrakchi
481790,Senior Engineer,Development,Haldun,Erie
481790,Senior Engineer,Research,Haldun,Erie
482335,Engineer,Development,Kwangyoen,Peck
482354,Staff,Research,Jayson,Zockler
482755,Senior Staff,Marketing,Jouni,Conia
482885,Assistant Engineer,Production,Shaunak,Brizzi
482905,Senior Staff,Finance,Aral,Hebden
482944,Senior Staff,Sales,Duke,Journel
483401,Senior Staff,Sales,Rosita,Pokrovskii
483675,Engineer,Production,Hausi,Kamber
483825,Senior Engineer,Production,Marek,Mitchem
483838,Assistant Engineer,Production,Sham,Kavanagh
483978,Senior Staff,Sales,Dung,Tanemo
484126,Senior Staff,Human Resources,Manton,Lueh
484142,Senior Staff,Human Resources,Perry,Cooman
484498,Engineer,Production,Herbert,Hammerschmidt
484756,Engineer,Development,Phule,Ruemmler
485253,Senior Staff,Customer Service,Gladys,Parhami
485489,Assistant Engineer,Development,Keiichiro,Armand
485577,Senior Engineer,Development,Rafael,Menhoudj
485579,Engineer,Development,Munehiro,Iwayama
485799,Senior Staff,Research,Yoshimitsu,Litvinov
485817,Engineer,Production,Mahmut,Bolotov
485817,Engineer,Development,Mahmut,Bolotov
486068,Senior Staff,Human Resources,Yefim,Bernardeschi
486808,Senior Engineer,Quality Management,Geoffrey,Siochi
486918,Senior Staff,Sales,Yagil,Remmers
486956,Engineer,Production,Matt,Ruemmler
486958,Engineer,Development,Tonny,Kropf
487008,Senior Staff,Sales,Zhigen,Raney
487505,Senior Staff,Research,Uno,Jayawardene
487988,Senior Staff,Human Resources,Ekawit,Schaft
488095,Senior Staff,Customer Service,Francoise,Hegner
488142,Senior Staff,Sales,Denis,Narlikar
488482,Engineer,Development,Kensyu,Tsunoo
488540,Senior Staff,Finance,Breannda,Maquelin
488619,Engineer,Production,Georgy,Bennis
488693,Senior Engineer,Development,Jiong,Zultner
488707,Senior Staff,Sales,Mihalis,Remmers
488752,Senior Staff,Marketing,Nimmagadda,Baja
488788,Senior Staff,Customer Service,Wuxu,Garigliano
488984,Senior Staff,Finance,Kendra,Junet
488984,Senior Staff,Sales,Kendra,Junet
489755,Senior Staff,Finance,Matk,Chorvat
489755,Senior Staff,Human Resources,Matk,Chorvat
489756,Senior Staff,Finance,Kersti,Miculan
489928,Assistant Engineer,Development,Satoru,Janetzko
490551,Engineer,Development,Lalit,Lindqvist
490557,Engineer,Production,Luise,Vigier
490568,Senior Engineer,Development,Zita,Reistad
490720,Senior Engineer,Production,Younwoo,Samarati
490720,Senior Engineer,Quality Management,Younwoo,Samarati
491079,Senior Engineer,Development,Kwangsub,Keirsey
491162,Senior Engineer,Development,Panayotis,Hempstead
491478,Senior Staff,Sales,Gill,Varman
491596,Engineer,Production,Charmane,Pargas
491596,Engineer,Quality Management,Charmane,Pargas
491632,Senior Staff,Customer Service,Gadiel,Perly
492000,Senior Staff,Human Resources,Valeska,Cools
492052,Staff,Customer Service,Udo,Ratnakar
492217,Senior Engineer,Development,Heekeun,Verhaegen
492639,Engineer,Development,Sanjoy,Porenta
492677,Engineer,Production,Goetz,McAffer
493031,Senior Staff,Customer Service,Hironoby,Jakobus
493048,Senior Staff,Sales,Muzhong,Berztiss
493096,Engineer,Development,Sachem,Msuda
493744,Senior Engineer,Production,Leni,Kropatsch
494019,Senior Staff,Marketing,Morrie,Iisaku
494088,Engineer,Production,Phule,Dahlbom
494493,Staff,Marketing,Masasuke,Koprowski
494995,Senior Staff,Sales,Yongmao,Pouyioutas
496100,Staff,Customer Service,Pranjal,Reinhard
496970,Senior Engineer,Production,Giordano,Maquelin
496978,Senior Staff,Marketing,Danco,Debuse
497007,Engineer,Production,Oldrich,Adachi
497007,Engineer,Customer Service,Oldrich,Adachi
497174,Engineer,Development,Sanjiv,Bressoud
497340,Senior Staff,Marketing,Fayez,Keohane
497391,Engineer,Quality Management,Paris,Lieblein
497835,Technique Leader,Production,Shuho,Laurillard
498185,Senior Engineer,Development,Caolyn,Marciano
498337,Staff,Sales,Naraig,Docker
498456,Senior Staff,Customer Service,Geraldo,Gerteisen
498635,Senior Staff,Sales,Florian,Pezzoli
498838,Senior Staff,Research,Sanjay,Ciolek
498845,Senior Engineer,Development,Arumugam,Pelc
498955,Engineer,Production,Nechama,Kandlur
499194,Senior Staff,Marketing,Padma,Delgrange
499194,Senior Staff,Customer Service,Padma,Delgrange
499260,Engineer,Production,Danae,Honglei
499495,Engineer,Development,Baoqiu,Kakkar
